assai_48841-564_p1#0	Leite em Pó Integral Piracanjuba Pacote 200g	6,59	cada
assai_48841-564_p1#1	Achocolatado em Pó Chocolatto 3 Corações Pacote 700g	13,99	cada
assai_48841-564_p1#2	Café Tradicional ou Extraforte 3 Corações Pacote Almofada ou a Vácuo 250g	13,99	cada
assai_48841-564_p1#3	Feijão Preto Tipo 1 Kümê Pacote 1kg	5,59	cada
assai_48841-564_p1#4	Biscoito Tradicional Maria ou Maizena Estrela Pacote 307g	3,99	cada
assai_48841-564_p1#5	Flocão de Milho Nordestino Pacote 500g	1,29	cada
assai_48841-564_p1#6	Milho-Verde ou Ervilha e Milho em Conserva Quero Lata 170g Peso Drenado	3,29	cada
assai_48841-564_p1#7	Macarrão Espaguete Fino Vitarella Pacote 400g	2,19	cada
assai_48841-564_p1#8	Extrato de Tomate Pomodoro Cica TP 265g	1,99	cada
assai_48841-564_p1#9	Molho de Tomate Bonare Sabores Sachê 1,7kg	12,90	cada
assai_48841-564_p1#10	Açúcar Cristal ou Refinado Olho D'Água Pacote 1kg	2,95	cada
assai_48841-564_p1#11	Farinha de Trigo Tradicional Dona Benta Pacote 1kg	3,69	cada
assai_48841-564_p1#12	Coxas e Sobrecoxas de Frango Congeladas Friato KG	8,49	kg
assai_48841-564_p1#13	Filé de Peito de Frango Congelado Seara Bandeja 1kg	17,90	cada
assai_48841-564_p1#14	Costela Minga Bovina Resfriada Masterboi KG	27,90	kg
assai_48841-564_p2#0	Salgadinho Doritos Sabores pacote 75g (no app Meu Assaí)	8,49	un
assai_48841-564_p2#1	Pipoca Natural Boku's pacote 50g (no app Meu Assaí)	2,39	un
assai_48841-564_p2#2	Bala Tubes Fini Sabores embalagem 80g (no app Meu Assaí)	5,89	un
assai_48841-564_p2#3	Azeitonas Verdes com Caroços La Preferida vidro 500g peso drenado	12,90	cada
assai_48841-564_p2#4	Farinha de Trigo Tipo 1 Profissional Dona Benta saca 25kg	84,90	cada
assai_48841-564_p2#5	Farinha Panko para Empanar Qualimax ou Kenko pacote 1kg	26,90	cada
assai_48841-564_p2#6	Milho-Verde ou Ervilha e Milho em Conserva Bonare lata 1,7kg peso drenado	28,90	cada
assai_48841-564_p2#7	Ketchup Tambaú PET 1,2kg	9,90	cada
assai_48841-564_p2#8	Queijo Tipo Muçarela Unalac (preço do quilo na peça)	30,90	kg
assai_48841-564_p2#9	Margarina com Sal 75% de Gorduras Primor balde 15kg	138,90	cada
assai_48841-564_p2#10	Batata Corte Fino Congelada McCain pacote 1,5kg	21,90	cada
assai_48841-564_p2#11	Linguiça Tipo Calabresa Defumada Seara pacote 2,5kg	64,90	cada
assai_48841-564_p2#12	Goiabada Tambaú pote 250g	3,49	cada
assai_48841-564_p2#13	Aveia em Flocos Finos ou Regulares Quaker caixeta 450g	8,99	cada
assai_48841-564_p2#14	Bebida Láctea Nescau Nestlé TP 180ml	1,59	cada
assai_48841-564_p2#15	Pirulito Cherry Pop Sabores pacote 700g	12,90	cada
assai_48841-564_p2#16	Bolacha Amanteigada ou Quadrada Massas Jucurutu pacote 250g	3,99	cada
assai_48841-564_p2#17	Creme de Leite Natville TP 200g	2,29	cada
assai_48841-564_p2#18	Tempero Mais Sabor Kitano Sabores pacote 60g	3,49	cada
assai_48841-564_p3#0	Cachaça Caranguejo Lata 350ml	2,99	cada
assai_48841-564_p3#1	Vinho Chileno Santa Helena Tipos Garrafa 750ml	28,90	cada
assai_48841-564_p3#2	Cerveja Puro Malte Devassa Lata 350ml	2,59	cada
assai_48841-564_p3#3	Cerveja Ultra Michelob Lata Sleek 350ml	4,79	cada
assai_48841-564_p3#4	Refrigerante Original Coca-Cola Pack 12x350ml	37,90	cada
assai_48841-564_p3#5	Refrigerante Original Coca-Cola PET 2,5L	10,79	cada
assai_48841-564_p3#6	Bebida Mista Dafruta Sabores TP 200ml	1,19	cada
assai_48841-564_p3#7	Água Mineral Sem Gás É Leve PET 510ml	0,79	cada
assai_48841-564_p3#8	Carne Moída Bovina Congelada Fortboi Embalagem 500g	6,99	cada
assai_48841-564_p3#9	Coxas de Frango Congeladas IQF Sadia Pacote Zip 1kg	9,99	cada
assai_48841-564_p3#10	Lasanha Congelada Seara Sabores Caixeta 600g	12,90	cada
assai_48841-564_p3#11	Pizza Congelada Calabresa Seara Caixeta 460g	15,90	cada
assai_48841-564_p3#12	Pão de Queijo Tradicional Forno de Minas Pacote 400g	8,90	cada
assai_48841-564_p3#13	Massa para Pastel Tablete Massafest Pacote 2kg	18,99	cada
assai_48841-564_p3#14	Requeijão Cremoso Tradicional Tirolez Pote 400g	13,49	cada
assai_48841-564_p3#15	Manteiga com Sal Tirolez Pote 500g	29,99	cada
assai_48841-564_p3#16	Suco de Uva Integral OQ Garrafa 1,5L (25% desconto no app Meu Assaí, válido para até 3 un.)	14,99	cada
assai_48841-564_p3#17	Bebida Energética TNT Sabores Lata 473ml (25% desconto no app Meu Assaí, válido para até 6 un.)	5,79	cada
assai_48841-564_p3#18	Vodka Natasha Garrafa 900ml (24% desconto no app Meu Assaí, válido para até 3 un.)	19,90	cada
assai_48841-564_p4#0	Sabonete Botanicals Lux Fragrâncias Embalagem 85g	1,89	cada
assai_48841-564_p4#1	Shampoo Clear Tipos Frasco Leve 400ml e Pague 330ml	20,90	cada
assai_48841-564_p4#2	Desodorante Aerossol Suave Fragrâncias Frasco 200ml	7,90	cada
assai_48841-564_p4#3	Papel Higiênico Folha Dupla Max Pure Pacote Leve 12 e Pague 11 Rolos de 30m	13,90	cada
assai_48841-564_p4#4	Fralda Descartável Bag Pants Proteção Acolchoada Huggies Pacote/Tamanhos	69,70	cada
assai_48841-564_p4#5	Lava-Roupas Líquido Lavanda e Sonhos Marilux Galão 3L	11,49	cada
assai_48841-564_p4#6	Lava-Roupas Líquido Lavanda e Sonhos Marilux Galão 5L	12,99	cada
assai_48841-564_p4#7	Multi-Inseticida Aerossol SBP Tipos Frasco 380ml	15,49	cada
assai_48841-564_p4#8	Odorizante de Ambiente Aerossol Bom Ar Fragrâncias Frasco 360ml	16,90	cada
assai_48841-564_p4#9	Esponja de Aço Assolan Pacote 45g	1,29	cada
assai_48841-564_p4#10	Copos Transparentes Descartáveis Cristalcopo Pacote com 100 Unidades de 180ml	4,29	cada
assai_48841-564_p4#11	Papel-Toalha Branco Absoluto Pacote com 2 Rolos de 60 Folhas de 22cmx20cm	3,99	cada
assai_48841-564_p4#12	Frigideira Vermelha Turim Tramontina 24cm	49,90	cada
assai_48841-564_p4#13	Garrafa Térmica com Rolha Vogue Invicta Cores 750ml	22,90	cada
assai_48841-564_p4#14	Panela de Pressão Polida Real 4,5L	49,90	cada
assai_48934-564_p1#0	Cobertura Fracionada Sabor Chocolate ao Leite Confeiteiro Harald Barra 1,010kg	27,49	cada
assai_48934-564_p1#1	Achocolatado em Pó Nescau Nestlé Pacote 2,01kg	36,49	cada
assai_48934-564_p1#2	Recheio Forneável Sabor Chocolate ao Leite Camp Bisnaga 1,01kg	38,90	cada
assai_48934-564_p1#3	Pasta Cremosa de Chocolate Galak com Negresco Nestlé Pote 1,01kg	73,90	cada
assai_48934-564_p1#4	Amido de Milho Kimimo Caixeta 500g	6,89	cada
assai_48934-564_p1#5	Molho de Tomate Tradicional Tarantella Sachê 1,02kg ou TP 1,06kg	6,49	cada
assai_48934-564_p1#6	Maionese Vigor Bisnaga 1kg	11,90	cada
assai_48934-564_p1#7	Caldo Qualimax Sabores Pacote 1,01kg	14,90	cada
assai_48934-564_p1#8	Alho Triturado sem Sal Alimentos Tem Pote 2kg	24,90	cada
assai_48934-564_p1#9	Azeitonas Verdes Fatiadas Vale Fértil Sachê 1,01kg Drenado	29,90	cada
assai_48934-564_p1#10	Purê de Batatas Instantâneo Qualimax Pacote 800g	47,90	cada
assai_48934-564_p1#11	Pimenta Biquinho em Conserva Tem Pote 1,6kg Drenado	55,90	cada
assai_48934-564_p1#12	Molho de Soja Aji No Shoyu Galão 5L	81,90	cada
assai_48934-564_p1#13	Filé de Peito de Frango Congelado Super Frango KG	15,90	kg
assai_48934-564_p1#14	Brócolis Congelado Grano Pacote 2kg	24,90	cada
assai_48934-564_p1#15	Batata Palito Tradicional Congelada McCain Pacote 2kg	25,90	cada
assai_48934-564_p1#16	Margarina com Sal 60% de Gordura Primor Balde 3kg	25,90	cada
assai_48934-564_p1#17	Requeijão Cremoso Tirolez Bisnaga 1,5kg	44,90	cada
assai_48934-564_p1#18	Farinha de Trigo Especial para Panificação Suprema Bunge Saco 25kg	79,90	cada
assai_48934-564_p1#19	Folha de Alumínio Wyda Rolo 30cmx4m	2,89	cada
assai_48995-564_p1#0	PNEU ARO 13 175/75 A5 84T FASTWAY UNIDADE	229,90	cada
assai_48995-564_p1#1	PNEU ARO 15 185/65 XBRI FASTWAY UNIDADE	259,90	cada
assai_48995-564_p1#2	PNEU 165/70R13 83T DIRECTION 2 TOURING GOODYEAR UNIDADE	319,90	cada
assai_48995-564_p1#3	PNEU ARO 13 DIRECTION TOURING 175/70 82T GOODYEAR UNIDADE	339,90	cada
assai_48995-564_p1#4	PNEU 185/65 ARO 14 GOODYEAR UNIDADE	419,90	cada
assai_48995-564_p1#5	PNEU ARO 15 185/65 GOODYEAR UNIDADE	499,90	cada
assai_48995-564_p1#6	PNEU ARO 15 195/55 85H DIRECTION 2 GOODYEAR UNIDADE	479,90	cada
assai_48995-564_p1#7	PNEU 195/60R15 88V DIRE 2 SPORT GOODYEAR UNIDADE	479,90	cada
assai_48995-564_p1#8	ADITIVO PROTETIVO PARA RADIADOR RADILUX LUXCAR FRASCO 1L	9,50	cada
assai_48995-564_p1#9	AGUA DESMINERALIZADA COCKPIT FRASCO 1L	3,99	cada
assai_48995-564_p1#10	CERA LIQUIDA AUTOMOTIVA SUPER BRILHO LUXCAR FRASCO 500ML	19,90	cada
assai_48995-564_p1#11	DESENGRIPANTE MULTIUSO EM SPRAY WD-40 FRASCO 300ML	35,90	cada
assai_48995-564_p1#12	KIT GARAGEM 3X1 COM ESPONJA GRATIS COCKPIT (1 LIMPA-PNEUS PRETINHO 500ML + LAVA-AUTOS NEUTRO 500ML + 1 SILICONE PERFUMADO GEL 200G)	9,90	cada
assai_48995-564_p1#13	LAVA-AUTOS COM CERA CARNAUBA RODABRILL FRASCO 500ML	9,90	cada
assai_48995-564_p1#14	LIMPA-PNEUS PNEU PRETINHO RODABRILL FRASCO 500ML	6,99	cada
assai_48995-564_p1#15	PANOS DE MICROFIBRA LUXCAR CARTELA 4 UNIDADES DE 35CMX35CM	9,90	cada
assai_48995-564_p1#16	PROTETIVO PARA RADIADOR CONCENTRADO ORGANICO COCKPIT FRASCO 1L	8,49	cada
assai_48995-564_p1#17	SILICONE LIQUIDO PARA CARRO LUXCAR FRASCO 110ML	9,49	cada